{"cameraMode":{"drawMode":0,"name":"Shaded","section":"Shading Mode"},"sceneLighting":true,"audioPlay":false,"sceneViewState":{"showFog":true,"showMaterialUpdate":false,"showSkybox":true,"showFlares":true,"showImageEffects":true,"showParticleSystems":true},"in2DMode":false,"pivot":{"x":572.791259765625,"y":-69.9813232421875,"z":340.5982666015625},"rotation":{"x":0.2782697081565857,"y":0.008065912872552872,"z":-0.0023364077787846328,"w":0.9604663252830505},"size":2113.08056640625,"orthographic":false}